id,ind,pop,motu,run,rep,time,temp,surv,new_surv
1,1,16,G,2,1,0,22,5,1
2,2,16,G,2,1,0,22,5,1
3,3,16,G,2,1,0,22,5,1
4,4,16,G,2,1,0,22,5,1
5,5,16,G,2,1,0,22,5,1
6,1,16,G,2,1,24,25,5,1
7,2,16,G,2,1,24,25,5,1
8,3,16,G,2,1,24,25,5,1
9,4,16,G,2,1,24,25,5,1
10,5,16,G,2,1,24,25,5,1
11,1,16,G,2,1,48,28,5,1
12,2,16,G,2,1,48,28,5,1
13,3,16,G,2,1,48,28,5,1
14,4,16,G,2,1,48,28,5,1
15,5,16,G,2,1,48,28,5,1
16,1,16,G,2,1,72,31,1,1
17,2,16,G,2,1,72,31,1,0
18,3,16,G,2,1,72,31,1,0
19,4,16,G,2,1,72,31,1,0
20,5,16,G,2,1,72,31,1,0
21,1,16,G,2,1,96,34,0,0
22,2,16,G,2,1,96,34,0,0
23,3,16,G,2,1,96,34,0,0
24,4,16,G,2,1,96,34,0,0
25,5,16,G,2,1,96,34,0,0
26,6,16,G,2,2,0,22,5,1
27,7,16,G,2,2,0,22,5,1
28,8,16,G,2,2,0,22,5,1
29,9,16,G,2,2,0,22,5,1
30,10,16,G,2,2,0,22,5,1
31,6,16,G,2,2,24,25,5,1
32,7,16,G,2,2,24,25,5,1
33,8,16,G,2,2,24,25,5,1
34,9,16,G,2,2,24,25,5,1
35,10,16,G,2,2,24,25,5,1
36,6,16,G,2,2,48,28,5,1
37,7,16,G,2,2,48,28,5,1
38,8,16,G,2,2,48,28,5,1
39,9,16,G,2,2,48,28,5,1
40,10,16,G,2,2,48,28,5,1
41,6,16,G,2,2,72,31,3,1
42,7,16,G,2,2,72,31,3,1
43,8,16,G,2,2,72,31,3,1
44,9,16,G,2,2,72,31,3,0
45,10,16,G,2,2,72,31,3,0
46,6,16,G,2,2,96,34,0,0
47,7,16,G,2,2,96,34,0,0
48,8,16,G,2,2,96,34,0,0
49,9,16,G,2,2,96,34,0,0
50,10,16,G,2,2,96,34,0,0
51,11,16,G,2,3,0,22,5,1
52,12,16,G,2,3,0,22,5,1
53,13,16,G,2,3,0,22,5,1
54,14,16,G,2,3,0,22,5,1
55,15,16,G,2,3,0,22,5,1
56,11,16,G,2,3,24,25,5,1
57,12,16,G,2,3,24,25,5,1
58,13,16,G,2,3,24,25,5,1
59,14,16,G,2,3,24,25,5,1
60,15,16,G,2,3,24,25,5,1
61,11,16,G,2,3,48,28,5,1
62,12,16,G,2,3,48,28,5,1
63,13,16,G,2,3,48,28,5,1
64,14,16,G,2,3,48,28,5,1
65,15,16,G,2,3,48,28,5,1
66,11,16,G,2,3,72,31,2,1
67,12,16,G,2,3,72,31,2,1
68,13,16,G,2,3,72,31,2,0
69,14,16,G,2,3,72,31,2,0
70,15,16,G,2,3,72,31,2,0
71,11,16,G,2,3,96,34,1,1
72,12,16,G,2,3,96,34,1,0
73,13,16,G,2,3,96,34,1,0
74,14,16,G,2,3,96,34,1,0
75,15,16,G,2,3,96,34,1,0
76,135,16,G,3,1,0,22,5,1
77,136,16,G,3,1,0,22,5,1
78,137,16,G,3,1,0,22,5,1
79,138,16,G,3,1,0,22,5,1
80,139,16,G,3,1,0,22,5,1
81,135,16,G,3,1,24,25,4,1
82,136,16,G,3,1,24,25,4,1
83,137,16,G,3,1,24,25,4,1
84,138,16,G,3,1,24,25,4,1
85,139,16,G,3,1,24,25,4,0
86,135,16,G,3,1,48,28,4,1
87,136,16,G,3,1,48,28,4,1
88,137,16,G,3,1,48,28,4,1
89,138,16,G,3,1,48,28,4,1
90,139,16,G,3,1,48,28,4,0
91,135,16,G,3,1,72,31,3,1
92,136,16,G,3,1,72,31,3,1
93,137,16,G,3,1,72,31,3,1
94,138,16,G,3,1,72,31,3,0
95,139,16,G,3,1,72,31,3,0
96,135,16,G,3,1,96,34,0,0
97,136,16,G,3,1,96,34,0,0
98,137,16,G,3,1,96,34,0,0
99,138,16,G,3,1,96,34,0,0
100,139,16,G,3,1,96,34,0,0
101,140,16,G,3,2,0,22,5,1
102,141,16,G,3,2,0,22,5,1
103,142,16,G,3,2,0,22,5,1
104,143,16,G,3,2,0,22,5,1
105,144,16,G,3,2,0,22,5,1
106,140,16,G,3,2,24,25,5,1
107,141,16,G,3,2,24,25,5,1
108,142,16,G,3,2,24,25,5,1
109,143,16,G,3,2,24,25,5,1
110,144,16,G,3,2,24,25,5,1
111,140,16,G,3,2,48,28,5,1
112,141,16,G,3,2,48,28,5,1
113,142,16,G,3,2,48,28,5,1
114,143,16,G,3,2,48,28,5,1
115,144,16,G,3,2,48,28,5,1
116,140,16,G,3,2,72,31,5,1
117,141,16,G,3,2,72,31,5,1
118,142,16,G,3,2,72,31,5,1
119,143,16,G,3,2,72,31,5,1
120,144,16,G,3,2,72,31,5,1
121,140,16,G,3,2,96,34,0,0
122,141,16,G,3,2,96,34,0,0
123,142,16,G,3,2,96,34,0,0
124,143,16,G,3,2,96,34,0,0
125,144,16,G,3,2,96,34,0,0
126,145,16,G,3,3,0,22,5,1
127,146,16,G,3,3,0,22,5,1
128,147,16,G,3,3,0,22,5,1
129,148,16,G,3,3,0,22,5,1
130,149,16,G,3,3,0,22,5,1
131,145,16,G,3,3,24,25,5,1
132,146,16,G,3,3,24,25,5,1
133,147,16,G,3,3,24,25,5,1
134,148,16,G,3,3,24,25,5,1
135,149,16,G,3,3,24,25,5,1
136,145,16,G,3,3,48,28,5,1
137,146,16,G,3,3,48,28,5,1
138,147,16,G,3,3,48,28,5,1
139,148,16,G,3,3,48,28,5,1
140,149,16,G,3,3,48,28,5,1
141,145,16,G,3,3,72,31,5,1
142,146,16,G,3,3,72,31,5,1
143,147,16,G,3,3,72,31,5,1
144,148,16,G,3,3,72,31,5,1
145,149,16,G,3,3,72,31,5,1
146,145,16,G,3,3,96,34,0,0
147,146,16,G,3,3,96,34,0,0
148,147,16,G,3,3,96,34,0,0
149,148,16,G,3,3,96,34,0,0
150,149,16,G,3,3,96,34,0,0
151,270,16,G,4,1,0,22,5,1
152,271,16,G,4,1,0,22,5,1
153,272,16,G,4,1,0,22,5,1
154,273,16,G,4,1,0,22,5,1
155,274,16,G,4,1,0,22,5,1
156,270,16,G,4,1,24,25,5,1
157,271,16,G,4,1,24,25,5,1
158,272,16,G,4,1,24,25,5,1
159,273,16,G,4,1,24,25,5,1
160,274,16,G,4,1,24,25,5,1
161,270,16,G,4,1,48,28,4,1
162,271,16,G,4,1,48,28,4,1
163,272,16,G,4,1,48,28,4,1
164,273,16,G,4,1,48,28,4,1
165,274,16,G,4,1,48,28,4,0
166,270,16,G,4,1,72,31,3,1
167,271,16,G,4,1,72,31,3,1
168,272,16,G,4,1,72,31,3,1
169,273,16,G,4,1,72,31,3,0
170,274,16,G,4,1,72,31,3,0
171,270,16,G,4,1,96,34,0,0
172,271,16,G,4,1,96,34,0,0
173,272,16,G,4,1,96,34,0,0
174,273,16,G,4,1,96,34,0,0
175,274,16,G,4,1,96,34,0,0
176,275,16,G,4,2,0,22,5,1
177,276,16,G,4,2,0,22,5,1
178,277,16,G,4,2,0,22,5,1
179,278,16,G,4,2,0,22,5,1
180,279,16,G,4,2,0,22,5,1
181,275,16,G,4,2,24,25,5,1
182,276,16,G,4,2,24,25,5,1
183,277,16,G,4,2,24,25,5,1
184,278,16,G,4,2,24,25,5,1
185,279,16,G,4,2,24,25,5,1
186,275,16,G,4,2,48,28,4,1
187,276,16,G,4,2,48,28,4,1
188,277,16,G,4,2,48,28,4,1
189,278,16,G,4,2,48,28,4,1
190,279,16,G,4,2,48,28,4,0
191,275,16,G,4,2,72,31,4,1
192,276,16,G,4,2,72,31,4,1
193,277,16,G,4,2,72,31,4,1
194,278,16,G,4,2,72,31,4,1
195,279,16,G,4,2,72,31,4,0
196,275,16,G,4,2,96,34,0,0
197,276,16,G,4,2,96,34,0,0
198,277,16,G,4,2,96,34,0,0
199,278,16,G,4,2,96,34,0,0
200,279,16,G,4,2,96,34,0,0
201,280,16,G,4,3,0,22,5,1
202,281,16,G,4,3,0,22,5,1
203,282,16,G,4,3,0,22,5,1
204,283,16,G,4,3,0,22,5,1
205,284,16,G,4,3,0,22,5,1
206,280,16,G,4,3,24,25,5,1
207,281,16,G,4,3,24,25,5,1
208,282,16,G,4,3,24,25,5,1
209,283,16,G,4,3,24,25,5,1
210,284,16,G,4,3,24,25,5,1
211,280,16,G,4,3,48,28,5,1
212,281,16,G,4,3,48,28,5,1
213,282,16,G,4,3,48,28,5,1
214,283,16,G,4,3,48,28,5,1
215,284,16,G,4,3,48,28,5,1
216,280,16,G,4,3,72,31,5,1
217,281,16,G,4,3,72,31,5,1
218,282,16,G,4,3,72,31,5,1
219,283,16,G,4,3,72,31,5,1
220,284,16,G,4,3,72,31,5,1
221,280,16,G,4,3,96,34,0,0
222,281,16,G,4,3,96,34,0,0
223,282,16,G,4,3,96,34,0,0
224,283,16,G,4,3,96,34,0,0
225,284,16,G,4,3,96,34,0,0
226,16,17,G,2,1,0,22,5,1
227,17,17,G,2,1,0,22,5,1
228,18,17,G,2,1,0,22,5,1
229,19,17,G,2,1,0,22,5,1
230,20,17,G,2,1,0,22,5,1
231,16,17,G,2,1,24,25,5,1
232,17,17,G,2,1,24,25,5,1
233,18,17,G,2,1,24,25,5,1
234,19,17,G,2,1,24,25,5,1
235,20,17,G,2,1,24,25,5,1
236,16,17,G,2,1,48,28,5,1
237,17,17,G,2,1,48,28,5,1
238,18,17,G,2,1,48,28,5,1
239,19,17,G,2,1,48,28,5,1
240,20,17,G,2,1,48,28,5,1
241,16,17,G,2,1,72,31,2,1
242,17,17,G,2,1,72,31,2,1
243,18,17,G,2,1,72,31,2,0
244,19,17,G,2,1,72,31,2,0
245,20,17,G,2,1,72,31,2,0
246,16,17,G,2,1,96,34,0,0
247,17,17,G,2,1,96,34,0,0
248,18,17,G,2,1,96,34,0,0
249,19,17,G,2,1,96,34,0,0
250,20,17,G,2,1,96,34,0,0
251,21,17,G,2,2,0,22,5,1
252,22,17,G,2,2,0,22,5,1
253,23,17,G,2,2,0,22,5,1
254,24,17,G,2,2,0,22,5,1
255,25,17,G,2,2,0,22,5,1
256,21,17,G,2,2,24,25,5,1
257,22,17,G,2,2,24,25,5,1
258,23,17,G,2,2,24,25,5,1
259,24,17,G,2,2,24,25,5,1
260,25,17,G,2,2,24,25,5,1
261,21,17,G,2,2,48,28,4,1
262,22,17,G,2,2,48,28,4,1
263,23,17,G,2,2,48,28,4,1
264,24,17,G,2,2,48,28,4,1
265,25,17,G,2,2,48,28,4,0
266,21,17,G,2,2,72,31,3,1
267,22,17,G,2,2,72,31,3,1
268,23,17,G,2,2,72,31,3,1
269,24,17,G,2,2,72,31,3,0
270,25,17,G,2,2,72,31,3,0
271,21,17,G,2,2,96,34,0,0
272,22,17,G,2,2,96,34,0,0
273,23,17,G,2,2,96,34,0,0
274,24,17,G,2,2,96,34,0,0
275,25,17,G,2,2,96,34,0,0
276,26,17,G,2,3,0,22,5,1
277,27,17,G,2,3,0,22,5,1
278,28,17,G,2,3,0,22,5,1
279,29,17,G,2,3,0,22,5,1
280,30,17,G,2,3,0,22,5,1
281,26,17,G,2,3,24,25,5,1
282,27,17,G,2,3,24,25,5,1
283,28,17,G,2,3,24,25,5,1
284,29,17,G,2,3,24,25,5,1
285,30,17,G,2,3,24,25,5,1
286,26,17,G,2,3,48,28,5,1
287,27,17,G,2,3,48,28,5,1
288,28,17,G,2,3,48,28,5,1
289,29,17,G,2,3,48,28,5,1
290,30,17,G,2,3,48,28,5,1
291,26,17,G,2,3,72,31,0,0
292,27,17,G,2,3,72,31,0,0
293,28,17,G,2,3,72,31,0,0
294,29,17,G,2,3,72,31,0,0
295,30,17,G,2,3,72,31,0,0
296,26,17,G,2,3,96,34,0,0
297,27,17,G,2,3,96,34,0,0
298,28,17,G,2,3,96,34,0,0
299,29,17,G,2,3,96,34,0,0
300,30,17,G,2,3,96,34,0,0
301,150,17,G,3,1,0,22,5,1
302,151,17,G,3,1,0,22,5,1
303,152,17,G,3,1,0,22,5,1
304,153,17,G,3,1,0,22,5,1
305,154,17,G,3,1,0,22,5,1
306,150,17,G,3,1,24,25,5,1
307,151,17,G,3,1,24,25,5,1
308,152,17,G,3,1,24,25,5,1
309,153,17,G,3,1,24,25,5,1
310,154,17,G,3,1,24,25,5,1
311,150,17,G,3,1,48,28,5,1
312,151,17,G,3,1,48,28,5,1
313,152,17,G,3,1,48,28,5,1
314,153,17,G,3,1,48,28,5,1
315,154,17,G,3,1,48,28,5,1
316,150,17,G,3,1,72,31,5,1
317,151,17,G,3,1,72,31,5,1
318,152,17,G,3,1,72,31,5,1
319,153,17,G,3,1,72,31,5,1
320,154,17,G,3,1,72,31,5,1
321,150,17,G,3,1,96,34,0,0
322,151,17,G,3,1,96,34,0,0
323,152,17,G,3,1,96,34,0,0
324,153,17,G,3,1,96,34,0,0
325,154,17,G,3,1,96,34,0,0
326,155,17,G,3,2,0,22,5,1
327,156,17,G,3,2,0,22,5,1
328,157,17,G,3,2,0,22,5,1
329,158,17,G,3,2,0,22,5,1
330,159,17,G,3,2,0,22,5,1
331,155,17,G,3,2,24,25,5,1
332,156,17,G,3,2,24,25,5,1
333,157,17,G,3,2,24,25,5,1
334,158,17,G,3,2,24,25,5,1
335,159,17,G,3,2,24,25,5,1
336,155,17,G,3,2,48,28,5,1
337,156,17,G,3,2,48,28,5,1
338,157,17,G,3,2,48,28,5,1
339,158,17,G,3,2,48,28,5,1
340,159,17,G,3,2,48,28,5,1
341,155,17,G,3,2,72,31,4,1
342,156,17,G,3,2,72,31,4,1
343,157,17,G,3,2,72,31,4,1
344,158,17,G,3,2,72,31,4,1
345,159,17,G,3,2,72,31,4,0
346,155,17,G,3,2,96,34,0,0
347,156,17,G,3,2,96,34,0,0
348,157,17,G,3,2,96,34,0,0
349,158,17,G,3,2,96,34,0,0
350,159,17,G,3,2,96,34,0,0
351,160,17,G,3,3,0,22,5,1
352,161,17,G,3,3,0,22,5,1
353,162,17,G,3,3,0,22,5,1
354,163,17,G,3,3,0,22,5,1
355,164,17,G,3,3,0,22,5,1
356,160,17,G,3,3,24,25,5,1
357,161,17,G,3,3,24,25,5,1
358,162,17,G,3,3,24,25,5,1
359,163,17,G,3,3,24,25,5,1
360,164,17,G,3,3,24,25,5,1
361,160,17,G,3,3,48,28,5,1
362,161,17,G,3,3,48,28,5,1
363,162,17,G,3,3,48,28,5,1
364,163,17,G,3,3,48,28,5,1
365,164,17,G,3,3,48,28,5,1
366,160,17,G,3,3,72,31,5,1
367,161,17,G,3,3,72,31,5,1
368,162,17,G,3,3,72,31,5,1
369,163,17,G,3,3,72,31,5,1
370,164,17,G,3,3,72,31,5,1
371,160,17,G,3,3,96,34,0,0
372,161,17,G,3,3,96,34,0,0
373,162,17,G,3,3,96,34,0,0
374,163,17,G,3,3,96,34,0,0
375,164,17,G,3,3,96,34,0,0
376,285,17,G,4,1,0,22,5,1
377,286,17,G,4,1,0,22,5,1
378,287,17,G,4,1,0,22,5,1
379,288,17,G,4,1,0,22,5,1
380,289,17,G,4,1,0,22,5,1
381,285,17,G,4,1,24,25,5,1
382,286,17,G,4,1,24,25,5,1
383,287,17,G,4,1,24,25,5,1
384,288,17,G,4,1,24,25,5,1
385,289,17,G,4,1,24,25,5,1
386,285,17,G,4,1,48,28,5,1
387,286,17,G,4,1,48,28,5,1
388,287,17,G,4,1,48,28,5,1
389,288,17,G,4,1,48,28,5,1
390,289,17,G,4,1,48,28,5,1
391,285,17,G,4,1,72,31,4,1
392,286,17,G,4,1,72,31,4,1
393,287,17,G,4,1,72,31,4,1
394,288,17,G,4,1,72,31,4,1
395,289,17,G,4,1,72,31,4,0
396,285,17,G,4,1,96,34,0,0
397,286,17,G,4,1,96,34,0,0
398,287,17,G,4,1,96,34,0,0
399,288,17,G,4,1,96,34,0,0
400,289,17,G,4,1,96,34,0,0
401,290,17,G,4,2,0,22,5,1
402,291,17,G,4,2,0,22,5,1
403,292,17,G,4,2,0,22,5,1
404,293,17,G,4,2,0,22,5,1
405,294,17,G,4,2,0,22,5,1
406,290,17,G,4,2,24,25,5,1
407,291,17,G,4,2,24,25,5,1
408,292,17,G,4,2,24,25,5,1
409,293,17,G,4,2,24,25,5,1
410,294,17,G,4,2,24,25,5,1
411,290,17,G,4,2,48,28,5,1
412,291,17,G,4,2,48,28,5,1
413,292,17,G,4,2,48,28,5,1
414,293,17,G,4,2,48,28,5,1
415,294,17,G,4,2,48,28,5,1
416,290,17,G,4,2,72,31,0,0
417,291,17,G,4,2,72,31,0,0
418,292,17,G,4,2,72,31,0,0
419,293,17,G,4,2,72,31,0,0
420,294,17,G,4,2,72,31,0,0
421,290,17,G,4,2,96,34,0,0
422,291,17,G,4,2,96,34,0,0
423,292,17,G,4,2,96,34,0,0
424,293,17,G,4,2,96,34,0,0
425,294,17,G,4,2,96,34,0,0
426,295,17,G,4,3,0,22,5,1
427,296,17,G,4,3,0,22,5,1
428,297,17,G,4,3,0,22,5,1
429,298,17,G,4,3,0,22,5,1
430,299,17,G,4,3,0,22,5,1
431,295,17,G,4,3,24,25,5,1
432,296,17,G,4,3,24,25,5,1
433,297,17,G,4,3,24,25,5,1
434,298,17,G,4,3,24,25,5,1
435,299,17,G,4,3,24,25,5,1
436,295,17,G,4,3,48,28,5,1
437,296,17,G,4,3,48,28,5,1
438,297,17,G,4,3,48,28,5,1
439,298,17,G,4,3,48,28,5,1
440,299,17,G,4,3,48,28,5,1
441,295,17,G,4,3,72,31,3,1
442,296,17,G,4,3,72,31,3,1
443,297,17,G,4,3,72,31,3,1
444,298,17,G,4,3,72,31,3,0
445,299,17,G,4,3,72,31,3,0
446,295,17,G,4,3,96,34,0,0
447,296,17,G,4,3,96,34,0,0
448,297,17,G,4,3,96,34,0,0
449,298,17,G,4,3,96,34,0,0
450,299,17,G,4,3,96,34,0,0
451,31,19,G,2,1,0,22,5,1
452,32,19,G,2,1,0,22,5,1
453,33,19,G,2,1,0,22,5,1
454,34,19,G,2,1,0,22,5,1
455,35,19,G,2,1,0,22,5,1
456,31,19,G,2,1,24,25,5,1
457,32,19,G,2,1,24,25,5,1
458,33,19,G,2,1,24,25,5,1
459,34,19,G,2,1,24,25,5,1
460,35,19,G,2,1,24,25,5,1
461,31,19,G,2,1,48,28,5,1
462,32,19,G,2,1,48,28,5,1
463,33,19,G,2,1,48,28,5,1
464,34,19,G,2,1,48,28,5,1
465,35,19,G,2,1,48,28,5,1
466,31,19,G,2,1,72,31,0,0
467,32,19,G,2,1,72,31,0,0
468,33,19,G,2,1,72,31,0,0
469,34,19,G,2,1,72,31,0,0
470,35,19,G,2,1,72,31,0,0
471,31,19,G,2,1,96,34,0,0
472,32,19,G,2,1,96,34,0,0
473,33,19,G,2,1,96,34,0,0
474,34,19,G,2,1,96,34,0,0
475,35,19,G,2,1,96,34,0,0
476,36,19,G,2,2,0,22,5,1
477,37,19,G,2,2,0,22,5,1
478,38,19,G,2,2,0,22,5,1
479,39,19,G,2,2,0,22,5,1
480,40,19,G,2,2,0,22,5,1
481,36,19,G,2,2,24,25,5,1
482,37,19,G,2,2,24,25,5,1
483,38,19,G,2,2,24,25,5,1
484,39,19,G,2,2,24,25,5,1
485,40,19,G,2,2,24,25,5,1
486,36,19,G,2,2,48,28,3,1
487,37,19,G,2,2,48,28,3,1
488,38,19,G,2,2,48,28,3,1
489,39,19,G,2,2,48,28,3,0
490,40,19,G,2,2,48,28,3,0
491,36,19,G,2,2,72,31,2,1
492,37,19,G,2,2,72,31,2,1
493,38,19,G,2,2,72,31,2,0
494,39,19,G,2,2,72,31,2,0
495,40,19,G,2,2,72,31,2,0
496,36,19,G,2,2,96,34,0,0
497,37,19,G,2,2,96,34,0,0
498,38,19,G,2,2,96,34,0,0
499,39,19,G,2,2,96,34,0,0
500,40,19,G,2,2,96,34,0,0
501,41,19,G,2,3,0,22,5,1
502,42,19,G,2,3,0,22,5,1
503,43,19,G,2,3,0,22,5,1
504,44,19,G,2,3,0,22,5,1
505,45,19,G,2,3,0,22,5,1
506,41,19,G,2,3,24,25,5,1
507,42,19,G,2,3,24,25,5,1
508,43,19,G,2,3,24,25,5,1
509,44,19,G,2,3,24,25,5,1
510,45,19,G,2,3,24,25,5,1
511,41,19,G,2,3,48,28,5,1
512,42,19,G,2,3,48,28,5,1
513,43,19,G,2,3,48,28,5,1
514,44,19,G,2,3,48,28,5,1
515,45,19,G,2,3,48,28,5,1
516,41,19,G,2,3,72,31,4,1
517,42,19,G,2,3,72,31,4,1
518,43,19,G,2,3,72,31,4,1
519,44,19,G,2,3,72,31,4,1
520,45,19,G,2,3,72,31,4,0
521,41,19,G,2,3,96,34,0,0
522,42,19,G,2,3,96,34,0,0
523,43,19,G,2,3,96,34,0,0
524,44,19,G,2,3,96,34,0,0
525,45,19,G,2,3,96,34,0,0
526,165,19,G,3,1,0,22,5,1
527,166,19,G,3,1,0,22,5,1
528,167,19,G,3,1,0,22,5,1
529,168,19,G,3,1,0,22,5,1
530,169,19,G,3,1,0,22,5,1
531,165,19,G,3,1,24,25,5,1
532,166,19,G,3,1,24,25,5,1
533,167,19,G,3,1,24,25,5,1
534,168,19,G,3,1,24,25,5,1
535,169,19,G,3,1,24,25,5,1
536,165,19,G,3,1,48,28,4,1
537,166,19,G,3,1,48,28,4,1
538,167,19,G,3,1,48,28,4,1
539,168,19,G,3,1,48,28,4,1
540,169,19,G,3,1,48,28,4,0
541,165,19,G,3,1,72,31,5,1
542,166,19,G,3,1,72,31,5,1
543,167,19,G,3,1,72,31,5,1
544,168,19,G,3,1,72,31,5,1
545,169,19,G,3,1,72,31,5,1
546,165,19,G,3,1,96,34,1,1
547,166,19,G,3,1,96,34,1,0
548,167,19,G,3,1,96,34,1,0
549,168,19,G,3,1,96,34,1,0
550,169,19,G,3,1,96,34,1,0
551,170,19,G,3,2,0,22,5,1
552,171,19,G,3,2,0,22,5,1
553,172,19,G,3,2,0,22,5,1
554,173,19,G,3,2,0,22,5,1
555,174,19,G,3,2,0,22,5,1
556,170,19,G,3,2,24,25,5,1
557,171,19,G,3,2,24,25,5,1
558,172,19,G,3,2,24,25,5,1
559,173,19,G,3,2,24,25,5,1
560,174,19,G,3,2,24,25,5,1
561,170,19,G,3,2,48,28,5,1
562,171,19,G,3,2,48,28,5,1
563,172,19,G,3,2,48,28,5,1
564,173,19,G,3,2,48,28,5,1
565,174,19,G,3,2,48,28,5,1
566,170,19,G,3,2,72,31,4,1
567,171,19,G,3,2,72,31,4,1
568,172,19,G,3,2,72,31,4,1
569,173,19,G,3,2,72,31,4,1
570,174,19,G,3,2,72,31,4,0
571,170,19,G,3,2,96,34,0,0
572,171,19,G,3,2,96,34,0,0
573,172,19,G,3,2,96,34,0,0
574,173,19,G,3,2,96,34,0,0
575,174,19,G,3,2,96,34,0,0
576,175,19,G,3,3,0,22,5,1
577,176,19,G,3,3,0,22,5,1
578,177,19,G,3,3,0,22,5,1
579,178,19,G,3,3,0,22,5,1
580,179,19,G,3,3,0,22,5,1
581,175,19,G,3,3,24,25,5,1
582,176,19,G,3,3,24,25,5,1
583,177,19,G,3,3,24,25,5,1
584,178,19,G,3,3,24,25,5,1
585,179,19,G,3,3,24,25,5,1
586,175,19,G,3,3,48,28,5,1
587,176,19,G,3,3,48,28,5,1
588,177,19,G,3,3,48,28,5,1
589,178,19,G,3,3,48,28,5,1
590,179,19,G,3,3,48,28,5,1
591,175,19,G,3,3,72,31,5,1
592,176,19,G,3,3,72,31,5,1
593,177,19,G,3,3,72,31,5,1
594,178,19,G,3,3,72,31,5,1
595,179,19,G,3,3,72,31,5,1
596,175,19,G,3,3,96,34,0,0
597,176,19,G,3,3,96,34,0,0
598,177,19,G,3,3,96,34,0,0
599,178,19,G,3,3,96,34,0,0
600,179,19,G,3,3,96,34,0,0
601,300,19,G,4,1,0,22,5,1
602,301,19,G,4,1,0,22,5,1
603,302,19,G,4,1,0,22,5,1
604,303,19,G,4,1,0,22,5,1
605,304,19,G,4,1,0,22,5,1
606,300,19,G,4,1,24,25,5,1
607,301,19,G,4,1,24,25,5,1
608,302,19,G,4,1,24,25,5,1
609,303,19,G,4,1,24,25,5,1
610,304,19,G,4,1,24,25,5,1
611,300,19,G,4,1,48,28,5,1
612,301,19,G,4,1,48,28,5,1
613,302,19,G,4,1,48,28,5,1
614,303,19,G,4,1,48,28,5,1
615,304,19,G,4,1,48,28,5,1
616,300,19,G,4,1,72,31,3,1
617,301,19,G,4,1,72,31,3,1
618,302,19,G,4,1,72,31,3,1
619,303,19,G,4,1,72,31,3,0
620,304,19,G,4,1,72,31,3,0
621,300,19,G,4,1,96,34,0,0
622,301,19,G,4,1,96,34,0,0
623,302,19,G,4,1,96,34,0,0
624,303,19,G,4,1,96,34,0,0
625,304,19,G,4,1,96,34,0,0
626,305,19,G,4,2,0,22,5,1
627,306,19,G,4,2,0,22,5,1
628,307,19,G,4,2,0,22,5,1
629,308,19,G,4,2,0,22,5,1
630,309,19,G,4,2,0,22,5,1
631,305,19,G,4,2,24,25,5,1
632,306,19,G,4,2,24,25,5,1
633,307,19,G,4,2,24,25,5,1
634,308,19,G,4,2,24,25,5,1
635,309,19,G,4,2,24,25,5,1
636,305,19,G,4,2,48,28,5,1
637,306,19,G,4,2,48,28,5,1
638,307,19,G,4,2,48,28,5,1
639,308,19,G,4,2,48,28,5,1
640,309,19,G,4,2,48,28,5,1
641,305,19,G,4,2,72,31,3,1
642,306,19,G,4,2,72,31,3,1
643,307,19,G,4,2,72,31,3,1
644,308,19,G,4,2,72,31,3,0
645,309,19,G,4,2,72,31,3,0
646,305,19,G,4,2,96,34,0,0
647,306,19,G,4,2,96,34,0,0
648,307,19,G,4,2,96,34,0,0
649,308,19,G,4,2,96,34,0,0
650,309,19,G,4,2,96,34,0,0
651,310,19,G,4,3,0,22,5,1
652,311,19,G,4,3,0,22,5,1
653,312,19,G,4,3,0,22,5,1
654,313,19,G,4,3,0,22,5,1
655,314,19,G,4,3,0,22,5,1
656,310,19,G,4,3,24,25,5,1
657,311,19,G,4,3,24,25,5,1
658,312,19,G,4,3,24,25,5,1
659,313,19,G,4,3,24,25,5,1
660,314,19,G,4,3,24,25,5,1
661,310,19,G,4,3,48,28,5,1
662,311,19,G,4,3,48,28,5,1
663,312,19,G,4,3,48,28,5,1
664,313,19,G,4,3,48,28,5,1
665,314,19,G,4,3,48,28,5,1
666,310,19,G,4,3,72,31,3,1
667,311,19,G,4,3,72,31,3,1
668,312,19,G,4,3,72,31,3,1
669,313,19,G,4,3,72,31,3,0
670,314,19,G,4,3,72,31,3,0
671,310,19,G,4,3,96,34,0,0
672,311,19,G,4,3,96,34,0,0
673,312,19,G,4,3,96,34,0,0
674,313,19,G,4,3,96,34,0,0
675,314,19,G,4,3,96,34,0,0
676,46,22,A,2,1,0,22,5,1
677,47,22,A,2,1,0,22,5,1
678,48,22,A,2,1,0,22,5,1
679,49,22,A,2,1,0,22,5,1
680,50,22,A,2,1,0,22,5,1
681,46,22,A,2,1,24,25,4,1
682,47,22,A,2,1,24,25,4,1
683,48,22,A,2,1,24,25,4,1
684,49,22,A,2,1,24,25,4,1
685,50,22,A,2,1,24,25,4,0
686,46,22,A,2,1,48,28,4,1
687,47,22,A,2,1,48,28,4,1
688,48,22,A,2,1,48,28,4,1
689,49,22,A,2,1,48,28,4,1
690,50,22,A,2,1,48,28,4,0
691,46,22,A,2,1,72,31,2,1
692,47,22,A,2,1,72,31,2,1
693,48,22,A,2,1,72,31,2,0
694,49,22,A,2,1,72,31,2,0
695,50,22,A,2,1,72,31,2,0
696,46,22,A,2,1,96,34,0,0
697,47,22,A,2,1,96,34,0,0
698,48,22,A,2,1,96,34,0,0
699,49,22,A,2,1,96,34,0,0
700,50,22,A,2,1,96,34,0,0
701,51,22,A,2,2,0,22,5,1
702,52,22,A,2,2,0,22,5,1
703,53,22,A,2,2,0,22,5,1
704,54,22,A,2,2,0,22,5,1
705,55,22,A,2,2,0,22,5,1
706,51,22,A,2,2,24,25,5,1
707,52,22,A,2,2,24,25,5,1
708,53,22,A,2,2,24,25,5,1
709,54,22,A,2,2,24,25,5,1
710,55,22,A,2,2,24,25,5,1
711,51,22,A,2,2,48,28,5,1
712,52,22,A,2,2,48,28,5,1
713,53,22,A,2,2,48,28,5,1
714,54,22,A,2,2,48,28,5,1
715,55,22,A,2,2,48,28,5,1
716,51,22,A,2,2,72,31,1,1
717,52,22,A,2,2,72,31,1,0
718,53,22,A,2,2,72,31,1,0
719,54,22,A,2,2,72,31,1,0
720,55,22,A,2,2,72,31,1,0
721,51,22,A,2,2,96,34,0,0
722,52,22,A,2,2,96,34,0,0
723,53,22,A,2,2,96,34,0,0
724,54,22,A,2,2,96,34,0,0
725,55,22,A,2,2,96,34,0,0
726,56,22,A,2,3,0,22,5,1
727,57,22,A,2,3,0,22,5,1
728,58,22,A,2,3,0,22,5,1
729,59,22,A,2,3,0,22,5,1
730,60,22,A,2,3,0,22,5,1
731,56,22,A,2,3,24,25,5,1
732,57,22,A,2,3,24,25,5,1
733,58,22,A,2,3,24,25,5,1
734,59,22,A,2,3,24,25,5,1
735,60,22,A,2,3,24,25,5,1
736,56,22,A,2,3,48,28,5,1
737,57,22,A,2,3,48,28,5,1
738,58,22,A,2,3,48,28,5,1
739,59,22,A,2,3,48,28,5,1
740,60,22,A,2,3,48,28,5,1
741,56,22,A,2,3,72,31,1,1
742,57,22,A,2,3,72,31,1,0
743,58,22,A,2,3,72,31,1,0
744,59,22,A,2,3,72,31,1,0
745,60,22,A,2,3,72,31,1,0
746,56,22,A,2,3,96,34,0,0
747,57,22,A,2,3,96,34,0,0
748,58,22,A,2,3,96,34,0,0
749,59,22,A,2,3,96,34,0,0
750,60,22,A,2,3,96,34,0,0
751,180,22,A,3,1,0,22,5,1
752,181,22,A,3,1,0,22,5,1
753,182,22,A,3,1,0,22,5,1
754,183,22,A,3,1,0,22,5,1
755,184,22,A,3,1,0,22,5,1
756,180,22,A,3,1,24,25,5,1
757,181,22,A,3,1,24,25,5,1
758,182,22,A,3,1,24,25,5,1
759,183,22,A,3,1,24,25,5,1
760,184,22,A,3,1,24,25,5,1
761,180,22,A,3,1,48,28,5,1
762,181,22,A,3,1,48,28,5,1
763,182,22,A,3,1,48,28,5,1
764,183,22,A,3,1,48,28,5,1
765,184,22,A,3,1,48,28,5,1
766,180,22,A,3,1,72,31,5,1
767,181,22,A,3,1,72,31,5,1
768,182,22,A,3,1,72,31,5,1
769,183,22,A,3,1,72,31,5,1
770,184,22,A,3,1,72,31,5,1
771,180,22,A,3,1,96,34,2,1
772,181,22,A,3,1,96,34,2,1
773,182,22,A,3,1,96,34,2,0
774,183,22,A,3,1,96,34,2,0
775,184,22,A,3,1,96,34,2,0
776,185,22,A,3,2,0,22,5,1
777,186,22,A,3,2,0,22,5,1
778,187,22,A,3,2,0,22,5,1
779,188,22,A,3,2,0,22,5,1
780,189,22,A,3,2,0,22,5,1
781,185,22,A,3,2,24,25,4,1
782,186,22,A,3,2,24,25,4,1
783,187,22,A,3,2,24,25,4,1
784,188,22,A,3,2,24,25,4,1
785,189,22,A,3,2,24,25,4,0
786,185,22,A,3,2,48,28,3,1
787,186,22,A,3,2,48,28,3,1
788,187,22,A,3,2,48,28,3,1
789,188,22,A,3,2,48,28,3,0
790,189,22,A,3,2,48,28,3,0
791,185,22,A,3,2,72,31,2,1
792,186,22,A,3,2,72,31,2,1
793,187,22,A,3,2,72,31,2,0
794,188,22,A,3,2,72,31,2,0
795,189,22,A,3,2,72,31,2,0
796,185,22,A,3,2,96,34,0,0
797,186,22,A,3,2,96,34,0,0
798,187,22,A,3,2,96,34,0,0
799,188,22,A,3,2,96,34,0,0
800,189,22,A,3,2,96,34,0,0
801,190,22,A,3,3,0,22,5,1
802,191,22,A,3,3,0,22,5,1
803,192,22,A,3,3,0,22,5,1
804,193,22,A,3,3,0,22,5,1
805,194,22,A,3,3,0,22,5,1
806,190,22,A,3,3,24,25,5,1
807,191,22,A,3,3,24,25,5,1
808,192,22,A,3,3,24,25,5,1
809,193,22,A,3,3,24,25,5,1
810,194,22,A,3,3,24,25,5,1
811,190,22,A,3,3,48,28,5,1
812,191,22,A,3,3,48,28,5,1
813,192,22,A,3,3,48,28,5,1
814,193,22,A,3,3,48,28,5,1
815,194,22,A,3,3,48,28,5,1
816,190,22,A,3,3,72,31,5,1
817,191,22,A,3,3,72,31,5,1
818,192,22,A,3,3,72,31,5,1
819,193,22,A,3,3,72,31,5,1
820,194,22,A,3,3,72,31,5,1
821,190,22,A,3,3,96,34,0,0
822,191,22,A,3,3,96,34,0,0
823,192,22,A,3,3,96,34,0,0
824,193,22,A,3,3,96,34,0,0
825,194,22,A,3,3,96,34,0,0
826,315,22,A,4,1,0,22,5,1
827,316,22,A,4,1,0,22,5,1
828,317,22,A,4,1,0,22,5,1
829,318,22,A,4,1,0,22,5,1
830,319,22,A,4,1,0,22,5,1
831,315,22,A,4,1,24,25,5,1
832,316,22,A,4,1,24,25,5,1
833,317,22,A,4,1,24,25,5,1
834,318,22,A,4,1,24,25,5,1
835,319,22,A,4,1,24,25,5,1
836,315,22,A,4,1,48,28,4,1
837,316,22,A,4,1,48,28,4,1
838,317,22,A,4,1,48,28,4,1
839,318,22,A,4,1,48,28,4,1
840,319,22,A,4,1,48,28,4,0
841,315,22,A,4,1,72,31,3,1
842,316,22,A,4,1,72,31,3,1
843,317,22,A,4,1,72,31,3,1
844,318,22,A,4,1,72,31,3,0
845,319,22,A,4,1,72,31,3,0
846,315,22,A,4,1,96,34,0,0
847,316,22,A,4,1,96,34,0,0
848,317,22,A,4,1,96,34,0,0
849,318,22,A,4,1,96,34,0,0
850,319,22,A,4,1,96,34,0,0
851,320,22,A,4,2,0,22,5,1
852,321,22,A,4,2,0,22,5,1
853,322,22,A,4,2,0,22,5,1
854,323,22,A,4,2,0,22,5,1
855,324,22,A,4,2,0,22,5,1
856,320,22,A,4,2,24,25,3,1
857,321,22,A,4,2,24,25,3,1
858,322,22,A,4,2,24,25,3,1
859,323,22,A,4,2,24,25,3,0
860,324,22,A,4,2,24,25,3,0
861,320,22,A,4,2,48,28,3,1
862,321,22,A,4,2,48,28,3,1
863,322,22,A,4,2,48,28,3,1
864,323,22,A,4,2,48,28,3,0
865,324,22,A,4,2,48,28,3,0
866,320,22,A,4,2,72,31,1,1
867,321,22,A,4,2,72,31,1,0
868,322,22,A,4,2,72,31,1,0
869,323,22,A,4,2,72,31,1,0
870,324,22,A,4,2,72,31,1,0
871,320,22,A,4,2,96,34,0,0
872,321,22,A,4,2,96,34,0,0
873,322,22,A,4,2,96,34,0,0
874,323,22,A,4,2,96,34,0,0
875,324,22,A,4,2,96,34,0,0
876,325,22,A,4,3,0,22,5,1
877,326,22,A,4,3,0,22,5,1
878,327,22,A,4,3,0,22,5,1
879,328,22,A,4,3,0,22,5,1
880,329,22,A,4,3,0,22,5,1
881,325,22,A,4,3,24,25,5,1
882,326,22,A,4,3,24,25,5,1
883,327,22,A,4,3,24,25,5,1
884,328,22,A,4,3,24,25,5,1
885,329,22,A,4,3,24,25,5,1
886,325,22,A,4,3,48,28,5,1
887,326,22,A,4,3,48,28,5,1
888,327,22,A,4,3,48,28,5,1
889,328,22,A,4,3,48,28,5,1
890,329,22,A,4,3,48,28,5,1
891,325,22,A,4,3,72,31,5,1
892,326,22,A,4,3,72,31,5,1
893,327,22,A,4,3,72,31,5,1
894,328,22,A,4,3,72,31,5,1
895,329,22,A,4,3,72,31,5,1
896,325,22,A,4,3,96,34,0,0
897,326,22,A,4,3,96,34,0,0
898,327,22,A,4,3,96,34,0,0
899,328,22,A,4,3,96,34,0,0
900,329,22,A,4,3,96,34,0,0
901,61,25,A,2,1,0,22,5,1
902,62,25,A,2,1,0,22,5,1
903,63,25,A,2,1,0,22,5,1
904,64,25,A,2,1,0,22,5,1
905,65,25,A,2,1,0,22,5,1
906,61,25,A,2,1,24,25,5,1
907,62,25,A,2,1,24,25,5,1
908,63,25,A,2,1,24,25,5,1
909,64,25,A,2,1,24,25,5,1
910,65,25,A,2,1,24,25,5,1
911,61,25,A,2,1,48,28,4,1
912,62,25,A,2,1,48,28,4,1
913,63,25,A,2,1,48,28,4,1
914,64,25,A,2,1,48,28,4,1
915,65,25,A,2,1,48,28,4,0
916,61,25,A,2,1,72,31,4,1
917,62,25,A,2,1,72,31,4,1
918,63,25,A,2,1,72,31,4,1
919,64,25,A,2,1,72,31,4,1
920,65,25,A,2,1,72,31,4,0
921,61,25,A,2,1,96,34,0,0
922,62,25,A,2,1,96,34,0,0
923,63,25,A,2,1,96,34,0,0
924,64,25,A,2,1,96,34,0,0
925,65,25,A,2,1,96,34,0,0
926,66,25,A,2,2,0,22,5,1
927,67,25,A,2,2,0,22,5,1
928,68,25,A,2,2,0,22,5,1
929,69,25,A,2,2,0,22,5,1
930,70,25,A,2,2,0,22,5,1
931,66,25,A,2,2,24,25,5,1
932,67,25,A,2,2,24,25,5,1
933,68,25,A,2,2,24,25,5,1
934,69,25,A,2,2,24,25,5,1
935,70,25,A,2,2,24,25,5,1
936,66,25,A,2,2,48,28,5,1
937,67,25,A,2,2,48,28,5,1
938,68,25,A,2,2,48,28,5,1
939,69,25,A,2,2,48,28,5,1
940,70,25,A,2,2,48,28,5,1
941,66,25,A,2,2,72,31,4,1
942,67,25,A,2,2,72,31,4,1
943,68,25,A,2,2,72,31,4,1
944,69,25,A,2,2,72,31,4,1
945,70,25,A,2,2,72,31,4,0
946,66,25,A,2,2,96,34,0,0
947,67,25,A,2,2,96,34,0,0
948,68,25,A,2,2,96,34,0,0
949,69,25,A,2,2,96,34,0,0
950,70,25,A,2,2,96,34,0,0
951,71,25,A,2,3,0,22,5,1
952,72,25,A,2,3,0,22,5,1
953,73,25,A,2,3,0,22,5,1
954,74,25,A,2,3,0,22,5,1
955,75,25,A,2,3,0,22,5,1
956,71,25,A,2,3,24,25,4,1
957,72,25,A,2,3,24,25,4,1
958,73,25,A,2,3,24,25,4,1
959,74,25,A,2,3,24,25,4,1
960,75,25,A,2,3,24,25,4,0
961,71,25,A,2,3,48,28,4,1
962,72,25,A,2,3,48,28,4,1
963,73,25,A,2,3,48,28,4,1
964,74,25,A,2,3,48,28,4,1
965,75,25,A,2,3,48,28,4,0
966,71,25,A,2,3,72,31,3,1
967,72,25,A,2,3,72,31,3,1
968,73,25,A,2,3,72,31,3,1
969,74,25,A,2,3,72,31,3,0
970,75,25,A,2,3,72,31,3,0
971,71,25,A,2,3,96,34,0,0
972,72,25,A,2,3,96,34,0,0
973,73,25,A,2,3,96,34,0,0
974,74,25,A,2,3,96,34,0,0
975,75,25,A,2,3,96,34,0,0
976,195,25,A,3,1,0,22,5,1
977,196,25,A,3,1,0,22,5,1
978,197,25,A,3,1,0,22,5,1
979,198,25,A,3,1,0,22,5,1
980,199,25,A,3,1,0,22,5,1
981,195,25,A,3,1,24,25,5,1
982,196,25,A,3,1,24,25,5,1
983,197,25,A,3,1,24,25,5,1
984,198,25,A,3,1,24,25,5,1
985,199,25,A,3,1,24,25,5,1
986,195,25,A,3,1,48,28,5,1
987,196,25,A,3,1,48,28,5,1
988,197,25,A,3,1,48,28,5,1
989,198,25,A,3,1,48,28,5,1
990,199,25,A,3,1,48,28,5,1
991,195,25,A,3,1,72,31,5,1
992,196,25,A,3,1,72,31,5,1
993,197,25,A,3,1,72,31,5,1
994,198,25,A,3,1,72,31,5,1
995,199,25,A,3,1,72,31,5,1
996,195,25,A,3,1,96,34,0,0
997,196,25,A,3,1,96,34,0,0
998,197,25,A,3,1,96,34,0,0
999,198,25,A,3,1,96,34,0,0
1000,199,25,A,3,1,96,34,0,0
1001,200,25,A,3,2,0,22,5,1
1002,201,25,A,3,2,0,22,5,1
1003,202,25,A,3,2,0,22,5,1
1004,203,25,A,3,2,0,22,5,1
1005,204,25,A,3,2,0,22,5,1
1006,200,25,A,3,2,24,25,5,1
1007,201,25,A,3,2,24,25,5,1
1008,202,25,A,3,2,24,25,5,1
1009,203,25,A,3,2,24,25,5,1
1010,204,25,A,3,2,24,25,5,1
1011,200,25,A,3,2,48,28,5,1
1012,201,25,A,3,2,48,28,5,1
1013,202,25,A,3,2,48,28,5,1
1014,203,25,A,3,2,48,28,5,1
1015,204,25,A,3,2,48,28,5,1
1016,200,25,A,3,2,72,31,5,1
1017,201,25,A,3,2,72,31,5,1
1018,202,25,A,3,2,72,31,5,1
1019,203,25,A,3,2,72,31,5,1
1020,204,25,A,3,2,72,31,5,1
1021,200,25,A,3,2,96,34,0,0
1022,201,25,A,3,2,96,34,0,0
1023,202,25,A,3,2,96,34,0,0
1024,203,25,A,3,2,96,34,0,0
1025,204,25,A,3,2,96,34,0,0
1026,205,25,A,3,3,0,22,5,1
1027,206,25,A,3,3,0,22,5,1
1028,207,25,A,3,3,0,22,5,1
1029,208,25,A,3,3,0,22,5,1
1030,209,25,A,3,3,0,22,5,1
1031,205,25,A,3,3,24,25,5,1
1032,206,25,A,3,3,24,25,5,1
1033,207,25,A,3,3,24,25,5,1
1034,208,25,A,3,3,24,25,5,1
1035,209,25,A,3,3,24,25,5,1
1036,205,25,A,3,3,48,28,5,1
1037,206,25,A,3,3,48,28,5,1
1038,207,25,A,3,3,48,28,5,1
1039,208,25,A,3,3,48,28,5,1
1040,209,25,A,3,3,48,28,5,1
1041,205,25,A,3,3,72,31,4,1
1042,206,25,A,3,3,72,31,4,1
1043,207,25,A,3,3,72,31,4,1
1044,208,25,A,3,3,72,31,4,1
1045,209,25,A,3,3,72,31,4,0
1046,205,25,A,3,3,96,34,0,0
1047,206,25,A,3,3,96,34,0,0
1048,207,25,A,3,3,96,34,0,0
1049,208,25,A,3,3,96,34,0,0
1050,209,25,A,3,3,96,34,0,0
1051,330,25,A,4,1,0,22,5,1
1052,331,25,A,4,1,0,22,5,1
1053,332,25,A,4,1,0,22,5,1
1054,333,25,A,4,1,0,22,5,1
1055,334,25,A,4,1,0,22,5,1
1056,330,25,A,4,1,24,25,4,1
1057,331,25,A,4,1,24,25,4,1
1058,332,25,A,4,1,24,25,4,1
1059,333,25,A,4,1,24,25,4,1
1060,334,25,A,4,1,24,25,4,0
1061,330,25,A,4,1,48,28,4,1
1062,331,25,A,4,1,48,28,4,1
1063,332,25,A,4,1,48,28,4,1
1064,333,25,A,4,1,48,28,4,1
1065,334,25,A,4,1,48,28,4,0
1066,330,25,A,4,1,72,31,4,1
1067,331,25,A,4,1,72,31,4,1
1068,332,25,A,4,1,72,31,4,1
1069,333,25,A,4,1,72,31,4,1
1070,334,25,A,4,1,72,31,4,0
1071,330,25,A,4,1,96,34,0,0
1072,331,25,A,4,1,96,34,0,0
1073,332,25,A,4,1,96,34,0,0
1074,333,25,A,4,1,96,34,0,0
1075,334,25,A,4,1,96,34,0,0
1076,335,25,A,4,2,0,22,5,1
1077,336,25,A,4,2,0,22,5,1
1078,337,25,A,4,2,0,22,5,1
1079,338,25,A,4,2,0,22,5,1
1080,339,25,A,4,2,0,22,5,1
1081,335,25,A,4,2,24,25,5,1
1082,336,25,A,4,2,24,25,5,1
1083,337,25,A,4,2,24,25,5,1
1084,338,25,A,4,2,24,25,5,1
1085,339,25,A,4,2,24,25,5,1
1086,335,25,A,4,2,48,28,5,1
1087,336,25,A,4,2,48,28,5,1
1088,337,25,A,4,2,48,28,5,1
1089,338,25,A,4,2,48,28,5,1
1090,339,25,A,4,2,48,28,5,1
1091,335,25,A,4,2,72,31,4,1
1092,336,25,A,4,2,72,31,4,1
1093,337,25,A,4,2,72,31,4,1
1094,338,25,A,4,2,72,31,4,1
1095,339,25,A,4,2,72,31,4,0
1096,335,25,A,4,2,96,34,0,0
1097,336,25,A,4,2,96,34,0,0
1098,337,25,A,4,2,96,34,0,0
1099,338,25,A,4,2,96,34,0,0
1100,339,25,A,4,2,96,34,0,0
1101,340,25,A,4,3,0,22,5,1
1102,341,25,A,4,3,0,22,5,1
1103,342,25,A,4,3,0,22,5,1
1104,343,25,A,4,3,0,22,5,1
1105,344,25,A,4,3,0,22,5,1
1106,340,25,A,4,3,24,25,5,1
1107,341,25,A,4,3,24,25,5,1
1108,342,25,A,4,3,24,25,5,1
1109,343,25,A,4,3,24,25,5,1
1110,344,25,A,4,3,24,25,5,1
1111,340,25,A,4,3,48,28,5,1
1112,341,25,A,4,3,48,28,5,1
1113,342,25,A,4,3,48,28,5,1
1114,343,25,A,4,3,48,28,5,1
1115,344,25,A,4,3,48,28,5,1
1116,340,25,A,4,3,72,31,4,1
1117,341,25,A,4,3,72,31,4,1
1118,342,25,A,4,3,72,31,4,1
1119,343,25,A,4,3,72,31,4,1
1120,344,25,A,4,3,72,31,4,0
1121,340,25,A,4,3,96,34,0,0
1122,341,25,A,4,3,96,34,0,0
1123,342,25,A,4,3,96,34,0,0
1124,343,25,A,4,3,96,34,0,0
1125,344,25,A,4,3,96,34,0,0
1126,76,26,A,2,1,0,22,5,1
1127,77,26,A,2,1,0,22,5,1
1128,78,26,A,2,1,0,22,5,1
1129,79,26,A,2,1,0,22,5,1
1130,80,26,A,2,1,0,22,5,1
1131,76,26,A,2,1,24,25,4,1
1132,77,26,A,2,1,24,25,4,1
1133,78,26,A,2,1,24,25,4,1
1134,79,26,A,2,1,24,25,4,1
1135,80,26,A,2,1,24,25,4,0
1136,76,26,A,2,1,48,28,4,1
1137,77,26,A,2,1,48,28,4,1
1138,78,26,A,2,1,48,28,4,1
1139,79,26,A,2,1,48,28,4,1
1140,80,26,A,2,1,48,28,4,0
1141,76,26,A,2,1,72,31,3,1
1142,77,26,A,2,1,72,31,3,1
1143,78,26,A,2,1,72,31,3,1
1144,79,26,A,2,1,72,31,3,0
1145,80,26,A,2,1,72,31,3,0
1146,76,26,A,2,1,96,34,0,0
1147,77,26,A,2,1,96,34,0,0
1148,78,26,A,2,1,96,34,0,0
1149,79,26,A,2,1,96,34,0,0
1150,80,26,A,2,1,96,34,0,0
1151,81,26,A,2,2,0,22,5,1
1152,82,26,A,2,2,0,22,5,1
1153,83,26,A,2,2,0,22,5,1
1154,84,26,A,2,2,0,22,5,1
1155,85,26,A,2,2,0,22,5,1
1156,81,26,A,2,2,24,25,5,1
1157,82,26,A,2,2,24,25,5,1
1158,83,26,A,2,2,24,25,5,1
1159,84,26,A,2,2,24,25,5,1
1160,85,26,A,2,2,24,25,5,1
1161,81,26,A,2,2,48,28,5,1
1162,82,26,A,2,2,48,28,5,1
1163,83,26,A,2,2,48,28,5,1
1164,84,26,A,2,2,48,28,5,1
1165,85,26,A,2,2,48,28,5,1
1166,81,26,A,2,2,72,31,0,0
1167,82,26,A,2,2,72,31,0,0
1168,83,26,A,2,2,72,31,0,0
1169,84,26,A,2,2,72,31,0,0
1170,85,26,A,2,2,72,31,0,0
1171,81,26,A,2,2,96,34,0,0
1172,82,26,A,2,2,96,34,0,0
1173,83,26,A,2,2,96,34,0,0
1174,84,26,A,2,2,96,34,0,0
1175,85,26,A,2,2,96,34,0,0
1176,86,26,A,2,3,0,22,5,1
1177,87,26,A,2,3,0,22,5,1
1178,88,26,A,2,3,0,22,5,1
1179,89,26,A,2,3,0,22,5,1
1180,90,26,A,2,3,0,22,5,1
1181,86,26,A,2,3,24,25,5,1
1182,87,26,A,2,3,24,25,5,1
1183,88,26,A,2,3,24,25,5,1
1184,89,26,A,2,3,24,25,5,1
1185,90,26,A,2,3,24,25,5,1
1186,86,26,A,2,3,48,28,5,1
1187,87,26,A,2,3,48,28,5,1
1188,88,26,A,2,3,48,28,5,1
1189,89,26,A,2,3,48,28,5,1
1190,90,26,A,2,3,48,28,5,1
1191,86,26,A,2,3,72,31,1,1
1192,87,26,A,2,3,72,31,1,0
1193,88,26,A,2,3,72,31,1,0
1194,89,26,A,2,3,72,31,1,0
1195,90,26,A,2,3,72,31,1,0
1196,86,26,A,2,3,96,34,0,0
1197,87,26,A,2,3,96,34,0,0
1198,88,26,A,2,3,96,34,0,0
1199,89,26,A,2,3,96,34,0,0
1200,90,26,A,2,3,96,34,0,0
1201,210,26,A,3,1,0,22,5,1
1202,211,26,A,3,1,0,22,5,1
1203,212,26,A,3,1,0,22,5,1
1204,213,26,A,3,1,0,22,5,1
1205,214,26,A,3,1,0,22,5,1
1206,210,26,A,3,1,24,25,5,1
1207,211,26,A,3,1,24,25,5,1
1208,212,26,A,3,1,24,25,5,1
1209,213,26,A,3,1,24,25,5,1
1210,214,26,A,3,1,24,25,5,1
1211,210,26,A,3,1,48,28,5,1
1212,211,26,A,3,1,48,28,5,1
1213,212,26,A,3,1,48,28,5,1
1214,213,26,A,3,1,48,28,5,1
1215,214,26,A,3,1,48,28,5,1
1216,210,26,A,3,1,72,31,4,1
1217,211,26,A,3,1,72,31,4,1
1218,212,26,A,3,1,72,31,4,1
1219,213,26,A,3,1,72,31,4,1
1220,214,26,A,3,1,72,31,4,0
1221,210,26,A,3,1,96,34,0,0
1222,211,26,A,3,1,96,34,0,0
1223,212,26,A,3,1,96,34,0,0
1224,213,26,A,3,1,96,34,0,0
1225,214,26,A,3,1,96,34,0,0
1226,215,26,A,3,2,0,22,5,1
1227,216,26,A,3,2,0,22,5,1
1228,217,26,A,3,2,0,22,5,1
1229,218,26,A,3,2,0,22,5,1
1230,219,26,A,3,2,0,22,5,1
1231,215,26,A,3,2,24,25,5,1
1232,216,26,A,3,2,24,25,5,1
1233,217,26,A,3,2,24,25,5,1
1234,218,26,A,3,2,24,25,5,1
1235,219,26,A,3,2,24,25,5,1
1236,215,26,A,3,2,48,28,4,1
1237,216,26,A,3,2,48,28,4,1
1238,217,26,A,3,2,48,28,4,1
1239,218,26,A,3,2,48,28,4,1
1240,219,26,A,3,2,48,28,4,0
1241,215,26,A,3,2,72,31,4,1
1242,216,26,A,3,2,72,31,4,1
1243,217,26,A,3,2,72,31,4,1
1244,218,26,A,3,2,72,31,4,1
1245,219,26,A,3,2,72,31,4,0
1246,215,26,A,3,2,96,34,0,0
1247,216,26,A,3,2,96,34,0,0
1248,217,26,A,3,2,96,34,0,0
1249,218,26,A,3,2,96,34,0,0
1250,219,26,A,3,2,96,34,0,0
1251,220,26,A,3,3,0,22,5,1
1252,221,26,A,3,3,0,22,5,1
1253,222,26,A,3,3,0,22,5,1
1254,223,26,A,3,3,0,22,5,1
1255,224,26,A,3,3,0,22,5,1
1256,220,26,A,3,3,24,25,5,1
1257,221,26,A,3,3,24,25,5,1
1258,222,26,A,3,3,24,25,5,1
1259,223,26,A,3,3,24,25,5,1
1260,224,26,A,3,3,24,25,5,1
1261,220,26,A,3,3,48,28,4,1
1262,221,26,A,3,3,48,28,4,1
1263,222,26,A,3,3,48,28,4,1
1264,223,26,A,3,3,48,28,4,1
1265,224,26,A,3,3,48,28,4,0
1266,220,26,A,3,3,72,31,1,1
1267,221,26,A,3,3,72,31,1,0
1268,222,26,A,3,3,72,31,1,0
1269,223,26,A,3,3,72,31,1,0
1270,224,26,A,3,3,72,31,1,0
1271,220,26,A,3,3,96,34,0,0
1272,221,26,A,3,3,96,34,0,0
1273,222,26,A,3,3,96,34,0,0
1274,223,26,A,3,3,96,34,0,0
1275,224,26,A,3,3,96,34,0,0
1276,345,26,A,4,1,0,22,5,1
1277,346,26,A,4,1,0,22,5,1
1278,347,26,A,4,1,0,22,5,1
1279,348,26,A,4,1,0,22,5,1
1280,349,26,A,4,1,0,22,5,1
1281,345,26,A,4,1,24,25,4,1
1282,346,26,A,4,1,24,25,4,1
1283,347,26,A,4,1,24,25,4,1
1284,348,26,A,4,1,24,25,4,1
1285,349,26,A,4,1,24,25,4,0
1286,345,26,A,4,1,48,28,4,1
1287,346,26,A,4,1,48,28,4,1
1288,347,26,A,4,1,48,28,4,1
1289,348,26,A,4,1,48,28,4,1
1290,349,26,A,4,1,48,28,4,0
1291,345,26,A,4,1,72,31,4,1
1292,346,26,A,4,1,72,31,4,1
1293,347,26,A,4,1,72,31,4,1
1294,348,26,A,4,1,72,31,4,1
1295,349,26,A,4,1,72,31,4,0
1296,345,26,A,4,1,96,34,0,0
1297,346,26,A,4,1,96,34,0,0
1298,347,26,A,4,1,96,34,0,0
1299,348,26,A,4,1,96,34,0,0
1300,349,26,A,4,1,96,34,0,0
1301,350,26,A,4,2,0,22,5,1
1302,351,26,A,4,2,0,22,5,1
1303,352,26,A,4,2,0,22,5,1
1304,353,26,A,4,2,0,22,5,1
1305,354,26,A,4,2,0,22,5,1
1306,350,26,A,4,2,24,25,4,1
1307,351,26,A,4,2,24,25,4,1
1308,352,26,A,4,2,24,25,4,1
1309,353,26,A,4,2,24,25,4,1
1310,354,26,A,4,2,24,25,4,0
1311,350,26,A,4,2,48,28,4,1
1312,351,26,A,4,2,48,28,4,1
1313,352,26,A,4,2,48,28,4,1
1314,353,26,A,4,2,48,28,4,1
1315,354,26,A,4,2,48,28,4,0
1316,350,26,A,4,2,72,31,3,1
1317,351,26,A,4,2,72,31,3,1
1318,352,26,A,4,2,72,31,3,1
1319,353,26,A,4,2,72,31,3,0
1320,354,26,A,4,2,72,31,3,0
1321,350,26,A,4,2,96,34,0,0
1322,351,26,A,4,2,96,34,0,0
1323,352,26,A,4,2,96,34,0,0
1324,353,26,A,4,2,96,34,0,0
1325,354,26,A,4,2,96,34,0,0
1326,355,26,A,4,3,0,22,5,1
1327,356,26,A,4,3,0,22,5,1
1328,357,26,A,4,3,0,22,5,1
1329,358,26,A,4,3,0,22,5,1
1330,359,26,A,4,3,0,22,5,1
1331,355,26,A,4,3,24,25,5,1
1332,356,26,A,4,3,24,25,5,1
1333,357,26,A,4,3,24,25,5,1
1334,358,26,A,4,3,24,25,5,1
1335,359,26,A,4,3,24,25,5,1
1336,355,26,A,4,3,48,28,5,1
1337,356,26,A,4,3,48,28,5,1
1338,357,26,A,4,3,48,28,5,1
1339,358,26,A,4,3,48,28,5,1
1340,359,26,A,4,3,48,28,5,1
1341,355,26,A,4,3,72,31,4,1
1342,356,26,A,4,3,72,31,4,1
1343,357,26,A,4,3,72,31,4,1
1344,358,26,A,4,3,72,31,4,1
1345,359,26,A,4,3,72,31,4,0
1346,355,26,A,4,3,96,34,0,0
1347,356,26,A,4,3,96,34,0,0
1348,357,26,A,4,3,96,34,0,0
1349,358,26,A,4,3,96,34,0,0
1350,359,26,A,4,3,96,34,0,0
1351,91,28,L,2,1,0,22,5,1
1352,92,28,L,2,1,0,22,5,1
1353,93,28,L,2,1,0,22,5,1
1354,94,28,L,2,1,0,22,5,1
1355,95,28,L,2,1,0,22,5,1
1356,91,28,L,2,1,24,25,3,1
1357,92,28,L,2,1,24,25,3,1
1358,93,28,L,2,1,24,25,3,1
1359,94,28,L,2,1,24,25,3,0
1360,95,28,L,2,1,24,25,3,0
1361,91,28,L,2,1,48,28,3,1
1362,92,28,L,2,1,48,28,3,1
1363,93,28,L,2,1,48,28,3,1
1364,94,28,L,2,1,48,28,3,0
1365,95,28,L,2,1,48,28,3,0
1366,91,28,L,2,1,72,31,0,0
1367,92,28,L,2,1,72,31,0,0
1368,93,28,L,2,1,72,31,0,0
1369,94,28,L,2,1,72,31,0,0
1370,95,28,L,2,1,72,31,0,0
1371,91,28,L,2,1,96,34,0,0
1372,92,28,L,2,1,96,34,0,0
1373,93,28,L,2,1,96,34,0,0
1374,94,28,L,2,1,96,34,0,0
1375,95,28,L,2,1,96,34,0,0
1376,96,28,L,2,2,0,22,5,1
1377,97,28,L,2,2,0,22,5,1
1378,98,28,L,2,2,0,22,5,1
1379,99,28,L,2,2,0,22,5,1
1380,100,28,L,2,2,0,22,5,1
1381,96,28,L,2,2,24,25,5,1
1382,97,28,L,2,2,24,25,5,1
1383,98,28,L,2,2,24,25,5,1
1384,99,28,L,2,2,24,25,5,1
1385,100,28,L,2,2,24,25,5,1
1386,96,28,L,2,2,48,28,3,1
1387,97,28,L,2,2,48,28,3,1
1388,98,28,L,2,2,48,28,3,1
1389,99,28,L,2,2,48,28,3,0
1390,100,28,L,2,2,48,28,3,0
1391,96,28,L,2,2,72,31,2,1
1392,97,28,L,2,2,72,31,2,1
1393,98,28,L,2,2,72,31,2,0
1394,99,28,L,2,2,72,31,2,0
1395,100,28,L,2,2,72,31,2,0
1396,96,28,L,2,2,96,34,0,0
1397,97,28,L,2,2,96,34,0,0
1398,98,28,L,2,2,96,34,0,0
1399,99,28,L,2,2,96,34,0,0
1400,100,28,L,2,2,96,34,0,0
1401,101,28,L,2,3,0,22,5,1
1402,102,28,L,2,3,0,22,5,1
1403,103,28,L,2,3,0,22,5,1
1404,104,28,L,2,3,0,22,5,1
1405,105,28,L,2,3,0,22,5,1
1406,101,28,L,2,3,24,25,5,1
1407,102,28,L,2,3,24,25,5,1
1408,103,28,L,2,3,24,25,5,1
1409,104,28,L,2,3,24,25,5,1
1410,105,28,L,2,3,24,25,5,1
1411,101,28,L,2,3,48,28,4,1
1412,102,28,L,2,3,48,28,4,1
1413,103,28,L,2,3,48,28,4,1
1414,104,28,L,2,3,48,28,4,1
1415,105,28,L,2,3,48,28,4,0
1416,101,28,L,2,3,72,31,3,1
1417,102,28,L,2,3,72,31,3,1
1418,103,28,L,2,3,72,31,3,1
1419,104,28,L,2,3,72,31,3,0
1420,105,28,L,2,3,72,31,3,0
1421,101,28,L,2,3,96,34,0,0
1422,102,28,L,2,3,96,34,0,0
1423,103,28,L,2,3,96,34,0,0
1424,104,28,L,2,3,96,34,0,0
1425,105,28,L,2,3,96,34,0,0
1426,225,28,L,3,1,0,22,5,1
1427,226,28,L,3,1,0,22,5,1
1428,227,28,L,3,1,0,22,5,1
1429,228,28,L,3,1,0,22,5,1
1430,229,28,L,3,1,0,22,5,1
1431,225,28,L,3,1,24,25,5,1
1432,226,28,L,3,1,24,25,5,1
1433,227,28,L,3,1,24,25,5,1
1434,228,28,L,3,1,24,25,5,1
1435,229,28,L,3,1,24,25,5,1
1436,225,28,L,3,1,48,28,4,1
1437,226,28,L,3,1,48,28,4,1
1438,227,28,L,3,1,48,28,4,1
1439,228,28,L,3,1,48,28,4,1
1440,229,28,L,3,1,48,28,4,0
1441,225,28,L,3,1,72,31,4,1
1442,226,28,L,3,1,72,31,4,1
1443,227,28,L,3,1,72,31,4,1
1444,228,28,L,3,1,72,31,4,1
1445,229,28,L,3,1,72,31,4,0
1446,225,28,L,3,1,96,34,0,0
1447,226,28,L,3,1,96,34,0,0
1448,227,28,L,3,1,96,34,0,0
1449,228,28,L,3,1,96,34,0,0
1450,229,28,L,3,1,96,34,0,0
1451,230,28,L,3,2,0,22,5,1
1452,231,28,L,3,2,0,22,5,1
1453,232,28,L,3,2,0,22,5,1
1454,233,28,L,3,2,0,22,5,1
1455,234,28,L,3,2,0,22,5,1
1456,230,28,L,3,2,24,25,4,1
1457,231,28,L,3,2,24,25,4,1
1458,232,28,L,3,2,24,25,4,1
1459,233,28,L,3,2,24,25,4,1
1460,234,28,L,3,2,24,25,4,0
1461,230,28,L,3,2,48,28,3,1
1462,231,28,L,3,2,48,28,3,1
1463,232,28,L,3,2,48,28,3,1
1464,233,28,L,3,2,48,28,3,0
1465,234,28,L,3,2,48,28,3,0
1466,230,28,L,3,2,72,31,2,1
1467,231,28,L,3,2,72,31,2,1
1468,232,28,L,3,2,72,31,2,0
1469,233,28,L,3,2,72,31,2,0
1470,234,28,L,3,2,72,31,2,0
1471,230,28,L,3,2,96,34,0,0
1472,231,28,L,3,2,96,34,0,0
1473,232,28,L,3,2,96,34,0,0
1474,233,28,L,3,2,96,34,0,0
1475,234,28,L,3,2,96,34,0,0
1476,235,28,L,3,3,0,22,5,1
1477,236,28,L,3,3,0,22,5,1
1478,237,28,L,3,3,0,22,5,1
1479,238,28,L,3,3,0,22,5,1
1480,239,28,L,3,3,0,22,5,1
1481,235,28,L,3,3,24,25,4,1
1482,236,28,L,3,3,24,25,4,1
1483,237,28,L,3,3,24,25,4,1
1484,238,28,L,3,3,24,25,4,1
1485,239,28,L,3,3,24,25,4,0
1486,235,28,L,3,3,48,28,4,1
1487,236,28,L,3,3,48,28,4,1
1488,237,28,L,3,3,48,28,4,1
1489,238,28,L,3,3,48,28,4,1
1490,239,28,L,3,3,48,28,4,0
1491,235,28,L,3,3,72,31,3,1
1492,236,28,L,3,3,72,31,3,1
1493,237,28,L,3,3,72,31,3,1
1494,238,28,L,3,3,72,31,3,0
1495,239,28,L,3,3,72,31,3,0
1496,235,28,L,3,3,96,34,0,0
1497,236,28,L,3,3,96,34,0,0
1498,237,28,L,3,3,96,34,0,0
1499,238,28,L,3,3,96,34,0,0
1500,239,28,L,3,3,96,34,0,0
1501,360,28,L,4,1,0,22,5,1
1502,361,28,L,4,1,0,22,5,1
1503,362,28,L,4,1,0,22,5,1
1504,363,28,L,4,1,0,22,5,1
1505,364,28,L,4,1,0,22,5,1
1506,360,28,L,4,1,24,25,4,1
1507,361,28,L,4,1,24,25,4,1
1508,362,28,L,4,1,24,25,4,1
1509,363,28,L,4,1,24,25,4,1
1510,364,28,L,4,1,24,25,4,0
1511,360,28,L,4,1,48,28,4,1
1512,361,28,L,4,1,48,28,4,1
1513,362,28,L,4,1,48,28,4,1
1514,363,28,L,4,1,48,28,4,1
1515,364,28,L,4,1,48,28,4,0
1516,360,28,L,4,1,72,31,3,1
1517,361,28,L,4,1,72,31,3,1
1518,362,28,L,4,1,72,31,3,1
1519,363,28,L,4,1,72,31,3,0
1520,364,28,L,4,1,72,31,3,0
1521,360,28,L,4,1,96,34,0,0
1522,361,28,L,4,1,96,34,0,0
1523,362,28,L,4,1,96,34,0,0
1524,363,28,L,4,1,96,34,0,0
1525,364,28,L,4,1,96,34,0,0
1526,365,28,L,4,2,0,22,5,1
1527,366,28,L,4,2,0,22,5,1
1528,367,28,L,4,2,0,22,5,1
1529,368,28,L,4,2,0,22,5,1
1530,369,28,L,4,2,0,22,5,1
1531,365,28,L,4,2,24,25,5,1
1532,366,28,L,4,2,24,25,5,1
1533,367,28,L,4,2,24,25,5,1
1534,368,28,L,4,2,24,25,5,1
1535,369,28,L,4,2,24,25,5,1
1536,365,28,L,4,2,48,28,5,1
1537,366,28,L,4,2,48,28,5,1
1538,367,28,L,4,2,48,28,5,1
1539,368,28,L,4,2,48,28,5,1
1540,369,28,L,4,2,48,28,5,1
1541,365,28,L,4,2,72,31,4,1
1542,366,28,L,4,2,72,31,4,1
1543,367,28,L,4,2,72,31,4,1
1544,368,28,L,4,2,72,31,4,1
1545,369,28,L,4,2,72,31,4,0
1546,365,28,L,4,2,96,34,1,1
1547,366,28,L,4,2,96,34,1,0
1548,367,28,L,4,2,96,34,1,0
1549,368,28,L,4,2,96,34,1,0
1550,369,28,L,4,2,96,34,1,0
1551,370,28,L,4,3,0,22,5,1
1552,371,28,L,4,3,0,22,5,1
1553,372,28,L,4,3,0,22,5,1
1554,373,28,L,4,3,0,22,5,1
1555,374,28,L,4,3,0,22,5,1
1556,370,28,L,4,3,24,25,5,1
1557,371,28,L,4,3,24,25,5,1
1558,372,28,L,4,3,24,25,5,1
1559,373,28,L,4,3,24,25,5,1
1560,374,28,L,4,3,24,25,5,1
1561,370,28,L,4,3,48,28,5,1
1562,371,28,L,4,3,48,28,5,1
1563,372,28,L,4,3,48,28,5,1
1564,373,28,L,4,3,48,28,5,1
1565,374,28,L,4,3,48,28,5,1
1566,370,28,L,4,3,72,31,3,1
1567,371,28,L,4,3,72,31,3,1
1568,372,28,L,4,3,72,31,3,1
1569,373,28,L,4,3,72,31,3,0
1570,374,28,L,4,3,72,31,3,0
1571,370,28,L,4,3,96,34,0,0
1572,371,28,L,4,3,96,34,0,0
1573,372,28,L,4,3,96,34,0,0
1574,373,28,L,4,3,96,34,0,0
1575,374,28,L,4,3,96,34,0,0
1576,106,29,L,2,1,0,22,5,1
1577,107,29,L,2,1,0,22,5,1
1578,108,29,L,2,1,0,22,5,1
1579,109,29,L,2,1,0,22,5,1
1580,110,29,L,2,1,0,22,5,1
1581,106,29,L,2,1,24,25,5,1
1582,107,29,L,2,1,24,25,5,1
1583,108,29,L,2,1,24,25,5,1
1584,109,29,L,2,1,24,25,5,1
1585,110,29,L,2,1,24,25,5,1
1586,106,29,L,2,1,48,28,4,1
1587,107,29,L,2,1,48,28,4,1
1588,108,29,L,2,1,48,28,4,1
1589,109,29,L,2,1,48,28,4,1
1590,110,29,L,2,1,48,28,4,0
1591,106,29,L,2,1,72,31,3,1
1592,107,29,L,2,1,72,31,3,1
1593,108,29,L,2,1,72,31,3,1
1594,109,29,L,2,1,72,31,3,0
1595,110,29,L,2,1,72,31,3,0
1596,106,29,L,2,1,96,34,0,0
1597,107,29,L,2,1,96,34,0,0
1598,108,29,L,2,1,96,34,0,0
1599,109,29,L,2,1,96,34,0,0
1600,110,29,L,2,1,96,34,0,0
1601,111,29,L,2,2,0,22,5,1
1602,112,29,L,2,2,0,22,5,1
1603,113,29,L,2,2,0,22,5,1
1604,114,29,L,2,2,0,22,5,1
1605,115,29,L,2,2,0,22,5,1
1606,111,29,L,2,2,24,25,5,1
1607,112,29,L,2,2,24,25,5,1
1608,113,29,L,2,2,24,25,5,1
1609,114,29,L,2,2,24,25,5,1
1610,115,29,L,2,2,24,25,5,1
1611,111,29,L,2,2,48,28,5,1
1612,112,29,L,2,2,48,28,5,1
1613,113,29,L,2,2,48,28,5,1
1614,114,29,L,2,2,48,28,5,1
1615,115,29,L,2,2,48,28,5,1
1616,111,29,L,2,2,72,31,1,1
1617,112,29,L,2,2,72,31,1,0
1618,113,29,L,2,2,72,31,1,0
1619,114,29,L,2,2,72,31,1,0
1620,115,29,L,2,2,72,31,1,0
1621,111,29,L,2,2,96,34,0,0
1622,112,29,L,2,2,96,34,0,0
1623,113,29,L,2,2,96,34,0,0
1624,114,29,L,2,2,96,34,0,0
1625,115,29,L,2,2,96,34,0,0
1626,116,29,L,2,3,0,22,5,1
1627,117,29,L,2,3,0,22,5,1
1628,118,29,L,2,3,0,22,5,1
1629,119,29,L,2,3,0,22,5,1
1630,120,29,L,2,3,0,22,5,1
1631,116,29,L,2,3,24,25,5,1
1632,117,29,L,2,3,24,25,5,1
1633,118,29,L,2,3,24,25,5,1
1634,119,29,L,2,3,24,25,5,1
1635,120,29,L,2,3,24,25,5,1
1636,116,29,L,2,3,48,28,5,1
1637,117,29,L,2,3,48,28,5,1
1638,118,29,L,2,3,48,28,5,1
1639,119,29,L,2,3,48,28,5,1
1640,120,29,L,2,3,48,28,5,1
1641,116,29,L,2,3,72,31,3,1
1642,117,29,L,2,3,72,31,3,1
1643,118,29,L,2,3,72,31,3,1
1644,119,29,L,2,3,72,31,3,0
1645,120,29,L,2,3,72,31,3,0
1646,116,29,L,2,3,96,34,0,0
1647,117,29,L,2,3,96,34,0,0
1648,118,29,L,2,3,96,34,0,0
1649,119,29,L,2,3,96,34,0,0
1650,120,29,L,2,3,96,34,0,0
1651,240,29,L,3,1,0,22,5,1
1652,241,29,L,3,1,0,22,5,1
1653,242,29,L,3,1,0,22,5,1
1654,243,29,L,3,1,0,22,5,1
1655,244,29,L,3,1,0,22,5,1
1656,240,29,L,3,1,24,25,5,1
1657,241,29,L,3,1,24,25,5,1
1658,242,29,L,3,1,24,25,5,1
1659,243,29,L,3,1,24,25,5,1
1660,244,29,L,3,1,24,25,5,1
1661,240,29,L,3,1,48,28,5,1
1662,241,29,L,3,1,48,28,5,1
1663,242,29,L,3,1,48,28,5,1
1664,243,29,L,3,1,48,28,5,1
1665,244,29,L,3,1,48,28,5,1
1666,240,29,L,3,1,72,31,4,1
1667,241,29,L,3,1,72,31,4,1
1668,242,29,L,3,1,72,31,4,1
1669,243,29,L,3,1,72,31,4,1
1670,244,29,L,3,1,72,31,4,0
1671,240,29,L,3,1,96,34,0,0
1672,241,29,L,3,1,96,34,0,0
1673,242,29,L,3,1,96,34,0,0
1674,243,29,L,3,1,96,34,0,0
1675,244,29,L,3,1,96,34,0,0
1676,245,29,L,3,2,0,22,5,1
1677,246,29,L,3,2,0,22,5,1
1678,247,29,L,3,2,0,22,5,1
1679,248,29,L,3,2,0,22,5,1
1680,249,29,L,3,2,0,22,5,1
1681,245,29,L,3,2,24,25,4,1
1682,246,29,L,3,2,24,25,4,1
1683,247,29,L,3,2,24,25,4,1
1684,248,29,L,3,2,24,25,4,1
1685,249,29,L,3,2,24,25,4,0
1686,245,29,L,3,2,48,28,4,1
1687,246,29,L,3,2,48,28,4,1
1688,247,29,L,3,2,48,28,4,1
1689,248,29,L,3,2,48,28,4,1
1690,249,29,L,3,2,48,28,4,0
1691,245,29,L,3,2,72,31,4,1
1692,246,29,L,3,2,72,31,4,1
1693,247,29,L,3,2,72,31,4,1
1694,248,29,L,3,2,72,31,4,1
1695,249,29,L,3,2,72,31,4,0
1696,245,29,L,3,2,96,34,0,0
1697,246,29,L,3,2,96,34,0,0
1698,247,29,L,3,2,96,34,0,0
1699,248,29,L,3,2,96,34,0,0
1700,249,29,L,3,2,96,34,0,0
1701,250,29,L,3,3,0,22,5,1
1702,251,29,L,3,3,0,22,5,1
1703,252,29,L,3,3,0,22,5,1
1704,253,29,L,3,3,0,22,5,1
1705,254,29,L,3,3,0,22,5,1
1706,250,29,L,3,3,24,25,4,1
1707,251,29,L,3,3,24,25,4,1
1708,252,29,L,3,3,24,25,4,1
1709,253,29,L,3,3,24,25,4,1
1710,254,29,L,3,3,24,25,4,0
1711,250,29,L,3,3,48,28,4,1
1712,251,29,L,3,3,48,28,4,1
1713,252,29,L,3,3,48,28,4,1
1714,253,29,L,3,3,48,28,4,1
1715,254,29,L,3,3,48,28,4,0
1716,250,29,L,3,3,72,31,1,1
1717,251,29,L,3,3,72,31,1,0
1718,252,29,L,3,3,72,31,1,0
1719,253,29,L,3,3,72,31,1,0
1720,254,29,L,3,3,72,31,1,0
1721,250,29,L,3,3,96,34,0,0
1722,251,29,L,3,3,96,34,0,0
1723,252,29,L,3,3,96,34,0,0
1724,253,29,L,3,3,96,34,0,0
1725,254,29,L,3,3,96,34,0,0
1726,375,29,L,4,1,0,22,5,1
1727,376,29,L,4,1,0,22,5,1
1728,377,29,L,4,1,0,22,5,1
1729,378,29,L,4,1,0,22,5,1
1730,379,29,L,4,1,0,22,5,1
1731,375,29,L,4,1,24,25,4,1
1732,376,29,L,4,1,24,25,4,1
1733,377,29,L,4,1,24,25,4,1
1734,378,29,L,4,1,24,25,4,1
1735,379,29,L,4,1,24,25,4,0
1736,375,29,L,4,1,48,28,5,1
1737,376,29,L,4,1,48,28,5,1
1738,377,29,L,4,1,48,28,5,1
1739,378,29,L,4,1,48,28,5,1
1740,379,29,L,4,1,48,28,5,1
1741,375,29,L,4,1,72,31,4,1
1742,376,29,L,4,1,72,31,4,1
1743,377,29,L,4,1,72,31,4,1
1744,378,29,L,4,1,72,31,4,1
1745,379,29,L,4,1,72,31,4,0
1746,375,29,L,4,1,96,34,0,0
1747,376,29,L,4,1,96,34,0,0
1748,377,29,L,4,1,96,34,0,0
1749,378,29,L,4,1,96,34,0,0
1750,379,29,L,4,1,96,34,0,0
1751,380,29,L,4,2,0,22,5,1
1752,381,29,L,4,2,0,22,5,1
1753,382,29,L,4,2,0,22,5,1
1754,383,29,L,4,2,0,22,5,1
1755,384,29,L,4,2,0,22,5,1
1756,380,29,L,4,2,24,25,4,1
1757,381,29,L,4,2,24,25,4,1
1758,382,29,L,4,2,24,25,4,1
1759,383,29,L,4,2,24,25,4,1
1760,384,29,L,4,2,24,25,4,0
1761,380,29,L,4,2,48,28,4,1
1762,381,29,L,4,2,48,28,4,1
1763,382,29,L,4,2,48,28,4,1
1764,383,29,L,4,2,48,28,4,1
1765,384,29,L,4,2,48,28,4,0
1766,380,29,L,4,2,72,31,1,1
1767,381,29,L,4,2,72,31,1,0
1768,382,29,L,4,2,72,31,1,0
1769,383,29,L,4,2,72,31,1,0
1770,384,29,L,4,2,72,31,1,0
1771,380,29,L,4,2,96,34,0,0
1772,381,29,L,4,2,96,34,0,0
1773,382,29,L,4,2,96,34,0,0
1774,383,29,L,4,2,96,34,0,0
1775,384,29,L,4,2,96,34,0,0
1776,385,29,L,4,3,0,22,5,1
1777,386,29,L,4,3,0,22,5,1
1778,387,29,L,4,3,0,22,5,1
1779,388,29,L,4,3,0,22,5,1
1780,389,29,L,4,3,0,22,5,1
1781,385,29,L,4,3,24,25,5,1
1782,386,29,L,4,3,24,25,5,1
1783,387,29,L,4,3,24,25,5,1
1784,388,29,L,4,3,24,25,5,1
1785,389,29,L,4,3,24,25,5,1
1786,385,29,L,4,3,48,28,5,1
1787,386,29,L,4,3,48,28,5,1
1788,387,29,L,4,3,48,28,5,1
1789,388,29,L,4,3,48,28,5,1
1790,389,29,L,4,3,48,28,5,1
1791,385,29,L,4,3,72,31,3,1
1792,386,29,L,4,3,72,31,3,1
1793,387,29,L,4,3,72,31,3,1
1794,388,29,L,4,3,72,31,3,0
1795,389,29,L,4,3,72,31,3,0
1796,385,29,L,4,3,96,34,0,0
1797,386,29,L,4,3,96,34,0,0
1798,387,29,L,4,3,96,34,0,0
1799,388,29,L,4,3,96,34,0,0
1800,389,29,L,4,3,96,34,0,0
1801,121,31,L,2,1,0,22,5,1
1802,122,31,L,2,1,0,22,5,1
1803,123,31,L,2,1,0,22,5,1
1804,124,31,L,2,1,0,22,5,1
1805,125,31,L,2,1,0,22,5,1
1806,121,31,L,2,1,24,25,5,1
1807,122,31,L,2,1,24,25,5,1
1808,123,31,L,2,1,24,25,5,1
1809,124,31,L,2,1,24,25,5,1
1810,125,31,L,2,1,24,25,5,1
1811,121,31,L,2,1,48,28,5,1
1812,122,31,L,2,1,48,28,5,1
1813,123,31,L,2,1,48,28,5,1
1814,124,31,L,2,1,48,28,5,1
1815,125,31,L,2,1,48,28,5,1
1816,121,31,L,2,1,72,31,1,1
1817,122,31,L,2,1,72,31,1,0
1818,123,31,L,2,1,72,31,1,0
1819,124,31,L,2,1,72,31,1,0
1820,125,31,L,2,1,72,31,1,0
1821,121,31,L,2,1,96,34,0,0
1822,122,31,L,2,1,96,34,0,0
1823,123,31,L,2,1,96,34,0,0
1824,124,31,L,2,1,96,34,0,0
1825,125,31,L,2,1,96,34,0,0
1826,126,31,L,2,2,0,22,5,1
1827,127,31,L,2,2,0,22,5,1
1828,128,31,L,2,2,0,22,5,1
1829,129,31,L,2,2,0,22,5,1
1830,130,31,L,2,2,0,22,5,1
1831,126,31,L,2,2,24,25,5,1
1832,127,31,L,2,2,24,25,5,1
1833,128,31,L,2,2,24,25,5,1
1834,129,31,L,2,2,24,25,5,1
1835,130,31,L,2,2,24,25,5,1
1836,126,31,L,2,2,48,28,5,1
1837,127,31,L,2,2,48,28,5,1
1838,128,31,L,2,2,48,28,5,1
1839,129,31,L,2,2,48,28,5,1
1840,130,31,L,2,2,48,28,5,1
1841,126,31,L,2,2,72,31,0,0
1842,127,31,L,2,2,72,31,0,0
1843,128,31,L,2,2,72,31,0,0
1844,129,31,L,2,2,72,31,0,0
1845,130,31,L,2,2,72,31,0,0
1846,126,31,L,2,2,96,34,0,0
1847,127,31,L,2,2,96,34,0,0
1848,128,31,L,2,2,96,34,0,0
1849,129,31,L,2,2,96,34,0,0
1850,130,31,L,2,2,96,34,0,0
1851,131,31,L,2,3,0,22,4,1
1852,132,31,L,2,3,0,22,4,1
1853,133,31,L,2,3,0,22,4,1
1854,134,31,L,2,3,0,22,4,1
1855,131,31,L,2,3,24,25,4,1
1856,132,31,L,2,3,24,25,4,1
1857,133,31,L,2,3,24,25,4,1
1858,134,31,L,2,3,24,25,4,1
1859,131,31,L,2,3,48,28,3,1
1860,132,31,L,2,3,48,28,3,1
1861,133,31,L,2,3,48,28,3,1
1862,134,31,L,2,3,48,28,3,0
1863,131,31,L,2,3,72,31,0,0
1864,132,31,L,2,3,72,31,0,0
1865,133,31,L,2,3,72,31,0,0
1866,134,31,L,2,3,72,31,0,0
1867,131,31,L,2,3,96,34,0,0
1868,132,31,L,2,3,96,34,0,0
1869,133,31,L,2,3,96,34,0,0
1870,134,31,L,2,3,96,34,0,0
1871,255,31,L,3,1,0,22,5,1
1872,256,31,L,3,1,0,22,5,1
1873,257,31,L,3,1,0,22,5,1
1874,258,31,L,3,1,0,22,5,1
1875,259,31,L,3,1,0,22,5,1
1876,255,31,L,3,1,24,25,5,1
1877,256,31,L,3,1,24,25,5,1
1878,257,31,L,3,1,24,25,5,1
1879,258,31,L,3,1,24,25,5,1
1880,259,31,L,3,1,24,25,5,1
1881,255,31,L,3,1,48,28,4,1
1882,256,31,L,3,1,48,28,4,1
1883,257,31,L,3,1,48,28,4,1
1884,258,31,L,3,1,48,28,4,1
1885,259,31,L,3,1,48,28,4,0
1886,255,31,L,3,1,72,31,1,1
1887,256,31,L,3,1,72,31,1,0
1888,257,31,L,3,1,72,31,1,0
1889,258,31,L,3,1,72,31,1,0
1890,259,31,L,3,1,72,31,1,0
1891,255,31,L,3,1,96,34,0,0
1892,256,31,L,3,1,96,34,0,0
1893,257,31,L,3,1,96,34,0,0
1894,258,31,L,3,1,96,34,0,0
1895,259,31,L,3,1,96,34,0,0
1896,260,31,L,3,2,0,22,5,1
1897,261,31,L,3,2,0,22,5,1
1898,262,31,L,3,2,0,22,5,1
1899,263,31,L,3,2,0,22,5,1
1900,264,31,L,3,2,0,22,5,1
1901,260,31,L,3,2,24,25,5,1
1902,261,31,L,3,2,24,25,5,1
1903,262,31,L,3,2,24,25,5,1
1904,263,31,L,3,2,24,25,5,1
1905,264,31,L,3,2,24,25,5,1
1906,260,31,L,3,2,48,28,5,1
1907,261,31,L,3,2,48,28,5,1
1908,262,31,L,3,2,48,28,5,1
1909,263,31,L,3,2,48,28,5,1
1910,264,31,L,3,2,48,28,5,1
1911,260,31,L,3,2,72,31,2,1
1912,261,31,L,3,2,72,31,2,1
1913,262,31,L,3,2,72,31,2,0
1914,263,31,L,3,2,72,31,2,0
1915,264,31,L,3,2,72,31,2,0
1916,260,31,L,3,2,96,34,0,0
1917,261,31,L,3,2,96,34,0,0
1918,262,31,L,3,2,96,34,0,0
1919,263,31,L,3,2,96,34,0,0
1920,264,31,L,3,2,96,34,0,0
1921,265,31,L,3,3,0,22,5,1
1922,266,31,L,3,3,0,22,5,1
1923,267,31,L,3,3,0,22,5,1
1924,268,31,L,3,3,0,22,5,1
1925,269,31,L,3,3,0,22,5,1
1926,265,31,L,3,3,24,25,4,1
1927,266,31,L,3,3,24,25,4,1
1928,267,31,L,3,3,24,25,4,1
1929,268,31,L,3,3,24,25,4,1
1930,269,31,L,3,3,24,25,4,0
1931,265,31,L,3,3,48,28,3,1
1932,266,31,L,3,3,48,28,3,1
1933,267,31,L,3,3,48,28,3,1
1934,268,31,L,3,3,48,28,3,0
1935,269,31,L,3,3,48,28,3,0
1936,265,31,L,3,3,72,31,3,1
1937,266,31,L,3,3,72,31,3,1
1938,267,31,L,3,3,72,31,3,1
1939,268,31,L,3,3,72,31,3,0
1940,269,31,L,3,3,72,31,3,0
1941,265,31,L,3,3,96,34,0,0
1942,266,31,L,3,3,96,34,0,0
1943,267,31,L,3,3,96,34,0,0
1944,268,31,L,3,3,96,34,0,0
1945,269,31,L,3,3,96,34,0,0
1946,390,31,L,4,1,0,22,5,1
1947,391,31,L,4,1,0,22,5,1
1948,392,31,L,4,1,0,22,5,1
1949,393,31,L,4,1,0,22,5,1
1950,394,31,L,4,1,0,22,5,1
1951,390,31,L,4,1,24,25,5,1
1952,391,31,L,4,1,24,25,5,1
1953,392,31,L,4,1,24,25,5,1
1954,393,31,L,4,1,24,25,5,1
1955,394,31,L,4,1,24,25,5,1
1956,390,31,L,4,1,48,28,4,1
1957,391,31,L,4,1,48,28,4,1
1958,392,31,L,4,1,48,28,4,1
1959,393,31,L,4,1,48,28,4,1
1960,394,31,L,4,1,48,28,4,0
1961,390,31,L,4,1,72,31,0,0
1962,391,31,L,4,1,72,31,0,0
1963,392,31,L,4,1,72,31,0,0
1964,393,31,L,4,1,72,31,0,0
1965,394,31,L,4,1,72,31,0,0
1966,390,31,L,4,1,96,34,0,0
1967,391,31,L,4,1,96,34,0,0
1968,392,31,L,4,1,96,34,0,0
1969,393,31,L,4,1,96,34,0,0
1970,394,31,L,4,1,96,34,0,0
1971,395,31,L,4,2,0,22,5,1
1972,396,31,L,4,2,0,22,5,1
1973,397,31,L,4,2,0,22,5,1
1974,398,31,L,4,2,0,22,5,1
1975,399,31,L,4,2,0,22,5,1
1976,395,31,L,4,2,24,25,5,1
1977,396,31,L,4,2,24,25,5,1
1978,397,31,L,4,2,24,25,5,1
1979,398,31,L,4,2,24,25,5,1
1980,399,31,L,4,2,24,25,5,1
1981,395,31,L,4,2,48,28,5,1
1982,396,31,L,4,2,48,28,5,1
1983,397,31,L,4,2,48,28,5,1
1984,398,31,L,4,2,48,28,5,1
1985,399,31,L,4,2,48,28,5,1
1986,395,31,L,4,2,72,31,4,1
1987,396,31,L,4,2,72,31,4,1
1988,397,31,L,4,2,72,31,4,1
1989,398,31,L,4,2,72,31,4,1
1990,399,31,L,4,2,72,31,4,0
1991,395,31,L,4,2,96,34,0,0
1992,396,31,L,4,2,96,34,0,0
1993,397,31,L,4,2,96,34,0,0
1994,398,31,L,4,2,96,34,0,0
1995,399,31,L,4,2,96,34,0,0
1996,400,31,L,4,3,0,22,5,1
1997,401,31,L,4,3,0,22,5,1
1998,402,31,L,4,3,0,22,5,1
1999,403,31,L,4,3,0,22,5,1
2000,404,31,L,4,3,0,22,5,1
2001,400,31,L,4,3,24,25,4,1
2002,401,31,L,4,3,24,25,4,1
2003,402,31,L,4,3,24,25,4,1
2004,403,31,L,4,3,24,25,4,1
2005,404,31,L,4,3,24,25,4,0
2006,400,31,L,4,3,48,28,4,1
2007,401,31,L,4,3,48,28,4,1
2008,402,31,L,4,3,48,28,4,1
2009,403,31,L,4,3,48,28,4,1
2010,404,31,L,4,3,48,28,4,0
2011,400,31,L,4,3,72,31,2,1
2012,401,31,L,4,3,72,31,2,1
2013,402,31,L,4,3,72,31,2,0
2014,403,31,L,4,3,72,31,2,0
2015,404,31,L,4,3,72,31,2,0
2016,400,31,L,4,3,96,34,0,0
2017,401,31,L,4,3,96,34,0,0
2018,402,31,L,4,3,96,34,0,0
2019,403,31,L,4,3,96,34,0,0
2020,404,31,L,4,3,96,34,0,0
